{"cameraMode":{"drawMode":0,"name":"Shaded","section":"Shading Mode"},"sceneLighting":true,"audioPlay":false,"sceneViewState":{"showFog":true,"showMaterialUpdate":false,"showSkybox":true,"showFlares":true,"showImageEffects":true,"showParticleSystems":true},"in2DMode":false,"pivot":{"x":-1.001488447189331,"y":1.1692209243774415,"z":-0.01515960693359375},"rotation":{"x":0.515518069267273,"y":0.2429955005645752,"z":-0.1552305817604065,"w":0.806918740272522},"size":10.930907249450684,"orthographic":false}