{"cameraMode":{"drawMode":0,"name":"Shaded","section":"Shading Mode"},"sceneLighting":true,"audioPlay":false,"sceneViewState":{"showFog":true,"showMaterialUpdate":false,"showSkybox":true,"showFlares":true,"showImageEffects":true,"showParticleSystems":true},"in2DMode":false,"pivot":{"x":-8.635624885559082,"y":11.977710723876954,"z":-25.75130271911621},"rotation":{"x":-0.020006734877824785,"y":0.09045571088790894,"z":0.0018204649677500129,"w":0.9957240223884583},"size":4.346312999725342,"orthographic":false}