{"cameraMode":{"drawMode":0,"name":"Shaded","section":"Shading Mode"},"sceneLighting":true,"audioPlay":false,"sceneViewState":{"showFog":true,"showMaterialUpdate":false,"showSkybox":true,"showFlares":true,"showImageEffects":true,"showParticleSystems":true},"in2DMode":false,"pivot":{"x":0.7812187075614929,"y":-1.7557578086853028,"z":2.48644757270813},"rotation":{"x":0.2776275873184204,"y":-0.027937915176153184,"z":0.008142044767737389,"w":0.960390567779541},"size":15.350306510925293,"orthographic":false}